[{"name":"ziad","email":"ziad.salah@msa.edu.eg","course":"data structure"},{"name":"ziad","email":"ziad.salah@msa.edu.eg","course":"data structure"},{"name":"ziad","email":"ziad.salah@msa.edu.eg","course":"data structure"},{"name":"ziad","email":"ziad.salah@msa.edu.eg","course":"data structure"},{"name":"yu","email":"ziad.salah@msa.edu.eg","course":"data structure"},{"name":"ze","email":"ziad.salah@msa.edu.eg","course":"data structure"},{"name":"ziad","email":"ziad.salah@msa.edu.eg","course":"data"}]